Name,Maths,Science,English,Total,Average
Alice,85,78,90,253,84.33333333333333
Bob,67,80,72,219,73.0
Charlie,90,95,85,270,90.0
David,76,66,60,202,67.33333333333333
Eva,92,88,91,271,90.33333333333333
